{
  "containerScale": 0.9,
  "useCustomLayout": true,
  "layouts": {
    "C000": { "x": 20.248928, "y": 52.020714, "rotation": 60 },
    "C001": { "x": 21.289917, "y": 51.08173, "rotation": 60 },
    "C002": { "x": 22.272879, "y": 50.383793, "rotation": 60 },
    "C003": { "x": 23.33511, "y": 49.601254, "rotation": 60 },
    "C004": { "x": 24.701244, "y": 48.412407, "rotation": 59 },
    "C005": { "x": 25.7377, "y": 47.683544, "rotation": 59 },
    "C006": { "x": 26.743105, "y": 46.94907, "rotation": 59 },
    "C007": { "x": 27.77456, "y": 46.050476, "rotation": 59 },
    "C008": { "x": 28.742867, "y": 45.179962, "rotation": 59 },
    "C009": { "x": 29.753273, "y": 44.534096, "rotation": 59 },
    "C010": { "x": 30.742628, "y": 43.719746, "rotation": 59 },
    "C011": { "x": 31.774084, "y": 43.07388, "rotation": 59 },
    "C012": { "x": 32.805542, "y": 42.23145, "rotation": 59 },
    "C013": { "x": 33.794895, "y": 41.33285, "rotation": 59 },
    "C014": { "x": 21.788803, "y": 55.526485, "rotation": 59 },
    "C015": { "x": 22.764421, "y": 54.682278, "rotation": 59 },
    "C016": { "x": 23.898247, "y": 54.01395, "rotation": 59 },
    "C017": { "x": 24.900232, "y": 53.134567, "rotation": 59 },
    "C018": { "x": 26.297739, "y": 52.00896, "rotation": 59 },
    "C019": { "x": 27.326094, "y": 51.305454, "rotation": 59 },
    "C020": { "x": 28.380816, "y": 50.426075, "rotation": 59 },
    "C021": { "x": 29.303698, "y": 49.581867, "rotation": 59 },
    "C022": { "x": 30.384787, "y": 48.878365, "rotation": 59 },
    "C023": { "x": 31.360405, "y": 48.17486, "rotation": 59 },
    "C024": { "x": 32.309654, "y": 47.29548, "rotation": 59 },
    "C025": { "x": 33.364376, "y": 46.52162, "rotation": 59 },
    "C026": { "x": 34.419098, "y": 45.81812, "rotation": 59 },
    "C027": { "x": 35.34198, "y": 45.114613, "rotation": 59 },
    "C028": { "x": 23.370886, "y": 59.219887, "rotation": 59 },
    "C029": { "x": 24.39924, "y": 58.30533, "rotation": 59 },
    "C030": { "x": 25.427593, "y": 57.42595, "rotation": 59 },
    "C031": { "x": 26.376844, "y": 56.722443, "rotation": 59 },
    "C032": { "x": 27.853455, "y": 55.596836, "rotation": 59 },
    "C033": { "x": 28.934544, "y": 54.89333, "rotation": 59 },
    "C034": { "x": 29.962898, "y": 54.119476, "rotation": 59 },
    "C035": { "x": 30.938517, "y": 53.240093, "rotation": 59 },
    "C036": { "x": 31.887766, "y": 52.46624, "rotation": 59 },
    "C037": { "x": 33.02159, "y": 51.86826, "rotation": 59 },
    "C038": { "x": 33.944473, "y": 50.98888, "rotation": 59 },
    "C039": { "x": 34.94646, "y": 50.179848, "rotation": 59 },
    "C040": { "x": 35.922077, "y": 49.47634, "rotation": 59 },
    "C041": { "x": 36.898113, "y": 48.638626, "rotation": 59 },
    "C042": { "x": 24.926712, "y": 62.66578, "rotation": 59 },
    "C043": { "x": 25.946175, "y": 61.888653, "rotation": 59 },
    "C044": { "x": 27.023893, "y": 61.111523, "rotation": 59 },
    "C045": { "x": 28.043354, "y": 60.41211, "rotation": 59 },
    "C046": { "x": 29.528858, "y": 59.362988, "rotation": 59 },
    "C047": { "x": 30.43181, "y": 58.547005, "rotation": 59 },
    "C048": { "x": 31.36389, "y": 57.653305, "rotation": 59 },
    "C049": { "x": 32.470734, "y": 56.95389, "rotation": 59 },
    "C050": { "x": 33.46107, "y": 56.13791, "rotation": 59 },
    "C051": { "x": 34.48053, "y": 55.321922, "rotation": 59 },
    "C052": { "x": 35.55825, "y": 54.661366, "rotation": 59 },
    "C053": { "x": 36.519455, "y": 53.88424, "rotation": 59 },
    "C054": { "x": 37.538918, "y": 53.22368, "rotation": 59 },
    "C055": { "x": 38.529255, "y": 52.36884, "rotation": 59 },
    "C056": { "x": 35.817265, "y": 61.72022, "rotation": 59 },
    "C057": { "x": 36.858288, "y": 60.939053, "rotation": 59 },
    "C058": { "x": 37.96438, "y": 60.15789, "rotation": 59 },
    "C059": { "x": 38.907806, "y": 59.46352, "rotation": 59 },
    "C060": { "x": 37.3788, "y": 65.365654, "rotation": 59 },
    "C061": { "x": 38.419827, "y": 64.58449, "rotation": 59 },
    "C062": { "x": 39.330723, "y": 63.84672, "rotation": 59 },
    "C063": { "x": 40.46934, "y": 63.15235, "rotation": 59 },
    "C064": { "x": 38.907806, "y": 69.05449, "rotation": 59 },
    "C065": { "x": 39.98136, "y": 68.14313, "rotation": 59 },
    "C066": { "x": 40.989853, "y": 67.27517, "rotation": 59 },
    "C067": { "x": 42.03088, "y": 66.6242, "rotation": 59 },
    "C068": { "x": 40.46934, "y": 72.69992, "rotation": 59 },
    "C069": { "x": 41.477833, "y": 71.83196, "rotation": 59 },
    "C070": { "x": 42.583923, "y": 71.18099, "rotation": 59 },
    "C071": { "x": 43.49482, "y": 70.31303, "rotation": 59 },
    "C072": { "x": 47.75651, "y": 28.694315, "rotation": 90 },
    "C073": { "x": 48.960197, "y": 28.559298, "rotation": 90 },
    "C074": { "x": 50.74946, "y": 28.559298, "rotation": 90 },
    "C075": { "x": 51.95314, "y": 28.472502, "rotation": 90 },
    "C076": { "x": 54.03519, "y": 28.5159, "rotation": 90 },
    "C077": { "x": 55.17381, "y": 28.559298, "rotation": 90 },
    "C078": { "x": 56.9956, "y": 28.5159, "rotation": 90 },
    "C079": { "x": 58.101692, "y": 28.472502, "rotation": 90 },
    "C080": { "x": 60.21627, "y": 28.5159, "rotation": 90 },
    "C081": { "x": 61.48502, "y": 28.5159, "rotation": 90 },
    "C082": { "x": 63.17668, "y": 28.429104, "rotation": 90 },
    "C083": { "x": 64.34784, "y": 28.429104, "rotation": 90 },
    "C084": { "x": 66.16963, "y": 28.559298, "rotation": 90 },
    "C085": { "x": 67.43838, "y": 28.559298, "rotation": 90 },
    "C086": { "x": 69.13004, "y": 28.5159, "rotation": 90 },
    "C087": { "x": 70.26866, "y": 28.429104, "rotation": 90 },
    "C088": { "x": 47.821575, "y": 32.9425, "rotation": 90 },
    "C089": { "x": 48.960197, "y": 33.072693, "rotation": 90 },
    "C090": { "x": 50.716927, "y": 32.985897, "rotation": 90 },
    "C091": { "x": 51.92061, "y": 32.9425, "rotation": 90 },
    "C092": { "x": 53.970127, "y": 32.8991, "rotation": 90 },
    "C093": { "x": 55.17381, "y": 33.029297, "rotation": 90 },
    "C094": { "x": 56.9956, "y": 33.029297, "rotation": 90 },
    "C095": { "x": 58.101692, "y": 33.029297, "rotation": 90 },
    "C096": { "x": 60.248806, "y": 33.029297, "rotation": 90 },
    "C097": { "x": 61.419956, "y": 33.072693, "rotation": 90 },
    "C098": { "x": 63.17668, "y": 33.072693, "rotation": 90 },
    "C099": { "x": 64.35417, "y": 32.964878, "rotation": 90 },
    "C100": { "x": 66.16963, "y": 33.029297, "rotation": 90 },
    "C101": { "x": 67.373314, "y": 33.029297, "rotation": 90 },
    "C102": { "x": 69.162575, "y": 33.072693, "rotation": 90 },
    "C103": { "x": 70.333725, "y": 33.15949, "rotation": 90 },
    "C104": { "x": 72.15552, "y": 33.15949, "rotation": 90 },
    "C105": { "x": 73.32667, "y": 33.072693, "rotation": 90 },
    "C106": { "x": 75.0834, "y": 33.072693, "rotation": 90 },
    "C107": { "x": 76.28709, "y": 33.072693, "rotation": 90 },
    "C108": { "x": 47.75651, "y": 37.629486, "rotation": 90 },
    "C109": { "x": 48.99273, "y": 37.672886, "rotation": 90 },
    "C110": { "x": 50.684395, "y": 37.672886, "rotation": 90 },
    "C111": { "x": 51.888077, "y": 37.629486, "rotation": 90 },
    "C112": { "x": 54.03519, "y": 37.629486, "rotation": 90 },
    "C113": { "x": 55.238876, "y": 37.672886, "rotation": 90 },
    "C114": { "x": 56.93054, "y": 37.58609, "rotation": 90 },
    "C115": { "x": 58.134224, "y": 37.499294, "rotation": 90 },
    "C116": { "x": 60.281338, "y": 37.58609, "rotation": 90 },
    "C117": { "x": 61.452488, "y": 37.54269, "rotation": 90 },
    "C118": { "x": 63.209217, "y": 37.54269, "rotation": 90 },
    "C119": { "x": 64.38037, "y": 37.629486, "rotation": 90 },
    "C120": { "x": 66.16963, "y": 37.629486, "rotation": 90 },
    "C121": { "x": 67.373314, "y": 37.54269, "rotation": 90 },
    "C122": { "x": 69.13004, "y": 37.54269, "rotation": 90 },
    "C123": { "x": 70.333725, "y": 37.586086, "rotation": 90 },
    "C124": { "x": 72.18805, "y": 37.49929, "rotation": 90 },
    "C125": { "x": 73.39173, "y": 37.49929,